BookName,URL
고요할수록 밝아지는 것들,http://www.kyobobook.co.kr/bestSellerNew/bestseller.laf
트렌드 코리아 2019,http://www.kyobobook.co.kr/bestSellerNew/bestseller.laf
아가씨와 밤,http://www.kyobobook.co.kr/bestSellerNew/bestseller.laf
104층 나무 집(456 book 클럽)(양장본 HardCover),http://www.kyobobook.co.kr/bestSellerNew/bestseller.laf
12가지 인생의 법칙,http://www.kyobobook.co.kr/bestSellerNew/bestseller.laf
나는 나로 살기로 했다(100쇄 기념 스페셜 에디션)(양장본 HardCover),http://www.kyobobook.co.kr/bestSellerNew/bestseller.laf
"곰돌이 푸, 행복한 일은 매일 있어(한정판 겨울 에디션)(양장본 HardCover)",http://www.kyobobook.co.kr/bestSellerNew/bestseller.laf
꽃을 보듯 너를 본다(J.H CLASSIC 2)(양장본 HardCover),http://www.kyobobook.co.kr/bestSellerNew/bestseller.laf
봉제인형 살인사건,http://www.kyobobook.co.kr/bestSellerNew/bestseller.laf
언어의 온도(100쇄 기념 에디션),http://www.kyobobook.co.kr/bestSellerNew/bestseller.laf
추리 천재 엉덩이 탐정. 7: 기이한 전망 여관 사건,http://www.kyobobook.co.kr/bestSellerNew/bestseller.laf
다산의 마지막 공부,http://www.kyobobook.co.kr/bestSellerNew/bestseller.laf
해커스 토익 기출 보카(TOEIC VOCA)(2019),http://www.kyobobook.co.kr/bestSellerNew/bestseller.laf
내 어머니 이야기. 1,http://www.kyobobook.co.kr/bestSellerNew/bestseller.laf
돌이킬 수 없는 약속,http://www.kyobobook.co.kr/bestSellerNew/bestseller.laf
하마터면 열심히 살 뻔했다(한정판 겨울 에디션),http://www.kyobobook.co.kr/bestSellerNew/bestseller.laf
"걷는 사람, 하정우",http://www.kyobobook.co.kr/bestSellerNew/bestseller.laf
백년을 살아보니,http://www.kyobobook.co.kr/bestSellerNew/bestseller.laf
죽고 싶지만 떡볶이는 먹고 싶어,http://www.kyobobook.co.kr/bestSellerNew/bestseller.laf
당신이 옳다,http://www.kyobobook.co.kr/bestSellerNew/bestseller.laf
